effective_liability,unsafe_replicator,unsafe_sml
0.01,1.0000000000000002,0.9961998756881689
0.010446857834558834,1.0000000000000002,0.9961807265176069
0.01091368386154833,1.0000000000000002,0.9961606195717948
0.011401370375291448,1.0000000000000002,0.9961395021532196
0.011910849542982048,1.0000000000000002,0.9961173182216813
0.012443095186435351,1.0000000000000002,0.9960940081423209
0.012999124643457347,1.0000000000000002,0.9960695084111452
0.013580000712390914,1.0000000000000002,0.9960437513557479
0.014186833683555557,1.0000000000000002,0.9960166648086234
0.014820783461463555,1.0000000000000002,0.9959881717501945
0.015483061781869053,1.0000000000000002,0.9959581899183111
0.016174934527887718,1.0000000000000002,0.9959266313806052
0.016897724149614005,1.0000000000000002,0.9958934020656321
0.017652812191860906,1.0000000000000002,0.9958584012482461
0.018441641934853783,1.0000000000000002,0.9958215209840752
0.0192657211529256,1.0000000000000002,0.9957826454873264
0.020126624996486667,1.0000000000000002,0.9957416504454147
0.021025999002777438,1.0000000000000002,0.9956984022630693
0.021965562241159163,1.0000000000000002,0.9956527572276178
0.022947110598954344,1.0000000000000002,0.9956045605860508
0.023972520214117412,1.0000000000000002,0.9955536455232121
0.02504375106129725,1.0000000000000002,0.9954998320290285
0.026162850698145432,1.0000000000000002,0.9954429256410263
0.02733195817903137,1.0000000000000002,0.995382716046484
0.028553308143644828,1.0000000000000002,0.9953189755263709
0.029829235088300855,1.0000000000000002,0.9952514572206806
0.031162177828111308,1.0000000000000002,0.9951798931918321
0.03255468415855202,1.0000000000000002,0.9951039922594114
0.03400941572533576,1.0000000000000002,0.9950234375755687
0.03552915311189921,1.0000000000000002,0.9949378839057937
0.03711680115422848,1.0000000000000002,0.9948469545744357
0.0387753944931814,1.0000000000000002,0.9947502380280813
0.04050810337492019,1.0000000000000002,0.9946472839626015
0.04231823971054039,1.0000000000000002,0.9945375989511063
0.044209263406479786,1.0000000000000002,0.994420641499998
0.046184788977805834,1.0000000000000002,0.9942958164484914
0.04824859245702374,1.0000000000000002,0.9941624686130421
0.05040461861160947,1.0000000000000002,0.9940198755616672
0.05265698848406425,1.0000000000000002,0.9938672393836935
0.05501000726890209,1.0000000000000002,0.9937036772973974
0.057468172541626825,1.0000000000000002,0.9935282109106082
0.060036182855427306,1.0000000000000002,0.9933397539167237
0.06271894672202273,1.0000000000000002,0.9931370979697133
0.06552159199382415,1.0000000000000002,0.9929188964351849
0.0684494756653449,1.0000000000000002,0.9926836456589428
0.0715081941125953,1.0000000000000002,0.9924296633276608
0.07470359379003197,1.0000000000000002,0.9921550634159944
0.07804178240550966,1.0000000000000002,0.9918577271176919
0.0815291405945934,1.0000000000000002,0.9915352690414739
0.08517233411654768,1.0000000000000002,0.9911849978112117
0.0889783265953119,1.0000000000000002,0.9908038700388074
0.09295439282981686,1.0000000000000002,0.9903884364305057
0.0971081326990832,1.0000000000000002,0.9899347785349456
0.10144748568867962,1.0000000000000002,0.9894384343340051
0.1059807460663078,1.0000000000000002,0.9888943105030369
0.1107165787355198,1.0000000000000002,0.9882965787103577
0.1156640357978715,1.0,0.9876385527683221
0.11639534883720958,0.9997322648052149,0.9875382685455735
0.12083257385516874,0.9895156103069269,0.9869125427677093
0.1262320720848778,0.9770833290359101,0.9861096814964644
0.13187285112325012,0.964095501536156,0.985219717431024
0.13776569279225362,0.9505273027891856,0.9842307673557978
0.14392186070801805,0.9363527984511214,0.9831290201705525
0.15035312181018437,0.9215448952816099,0.9818983816382032
0.1570717688533103,0.9060752893576317,0.9805200476558963
0.16409064390332193,0.8899144119731875,0.97897199105109
0.17142316288392226,0.8730313731214839,0.9772283438731874
0.17908334121987585,0.8553939024515772,0.9752586536578138
0.1870858206261833,0.8369682875866044,0.9730269882256228
0.1954458970943512,0.8177193096857321,0.9704908593777416
0.20417955012925024,0.7976101761266374,0.9675999316703111
0.21330347329244562,0.7766024501798329,0.9642944788747899
0.22283510611037957,0.754655977540471,0.9605035487939301
0.2327926674083968,0.7317288095771259,0.9561427985507982
0.24319519013432592,0.7077771231509129,0.951111970132813
0.2540625577381808,0.6827551368516553,0.9452919943018028
0.26541554217751706,0.6566150234909955,0.9385417467272721
0.2772758436210875,0.6293068186851859,0.9306945432338671
0.2896661319266868,0.600778325352856,0.9215545651194862
0.3026100899724661,0.5709750139451549,0.9108935684519736
0.3161324589245411,0.5398399182176208,0.8984484737790223
0.3302590855274191,0.507313526344529,0.8839207736590312
0.3450169715076355,0.47333366716759334,0.866979140800244
0.3604343251850304,0.4378353913616157,0.8472671407388112
0.37654061539031614,0.4007508472899171,0.824418450643782
0.3933666277919927,0.3620091513122702,0.7980822413827412
0.4109445237402768,0.3215362522974501,0.7679610109342278
0.429307901740516,0.2792547900814243,0.7338616247320628
0.44849186167359234,0.2350839476006126,0.6957570740840813
0.4685330718860646,0.188939296417641,0.6538513339192853
0.48946983927828513,0.14073263534425895,0.608633507354379
0.5113421825244606,0.09037182185302074,0.5609025584020236
0.5341919085646075,0.03776059595545078,0.5117440576126672
0.5511424085373292,8.38342915295237e-17,0.47645360754840865
0.5580626925146107,3.039459275194381e-20,0.4624487891170151
0.5830001611471258,5.510624912485396e-25,0.4143796652550529
0.6090519801028915,1.2406437365965943e-27,0.3688125086827762
0.6362679449991463,4.8544496530307725e-29,0.3267884166907171
0.6647000766092978,6.742630942573247e-31,0.2890132019448239
0.69440272029577,9.504653350187872e-32,0.2558231962842928
0.7254326498860832,5.20980508553442e-32,0.22721487292515097
0.7578491761907205,1.0768290051702588e-34,0.2029187273965885
0.7917142603701987,1.4663933858371062e-34,0.18249153448056188
0.8270926323680363,1.7700911210283962e-35,0.16540466962931918
0.864051914635991,6.1132053741565385e-37,0.15111483704837786
0.9026627513880564,2.2753345937079833e-31,0.13911238088608147
0.942998943630275,5.999441630162698e-31,0.1289486059577818
0.9851375902244643,5.92341681233192e-31,0.12024666097868823
1.0291592352554857,7.422514293984324e-32,0.11270126532799003
1.0751480219837344,7.273751059102897e-32,0.10607192977168822
1.1231918536771215,8.567033598979844e-33,0.10017317052253588
1.1733825616299491,7.554916676735927e-35,0.09486404692735494
1.2258160806898555,2.4874045942479526e-35,0.09003839184390873
1.2805926326283015,1.248623107963978e-35,0.08561640691433359
1.3378169177051302,5.9104222433695134e-36,0.08153783745837653
1.3975983147933184,4.7559716591089455e-37,0.07775667079226273
1.460051090446481,9.094346783476645e-42,0.07423716324991458
1.525294617308698,6.497392874077868e-42,0.07095094960221743
1.5934536022841783,3.1024160424535237e-38,0.06787498939708582
1.6646583249028475,2.484564901348869e-38,0.06499013338163726
1.739044886337489,5.674349404245573e-38,0.06228013313882097
1.8167554695484285,6.581457990639466e-39,0.059730764107608726
1.8979386110529604,2.413766162245496e-38,0.05733024448618876
1.9827494848390341,2.8700850970612853e-38,0.0550673133843662
2.0687333333333333,1.290274469720764e-36,0.052992321124392824
2.0713501989658147,3.082027946357327e-38,0.052932295260978854
2.163910105418103,3.929557211307847e-38,0.050916472500643434
2.2606061238068134,8.27998217736209e-36,0.049011957132429104
2.36162307953429,6.077211600745879e-38,0.04721158447498066
2.4671540570707746,2.8306364098954276e-36,0.04550882427054783
2.577400769017345,1.8445953844132898e-36,0.04389770586009295
2.6925739416606804,9.594018697721485e-37,0.04237275471620045
2.8128937177566824,3.584395809713384e-38,0.040928938235621964
2.938590077312774,2.7435043458708126e-42,0.03956161913964584
3.069903277173179,4.597003028930297e-36,0.03826651517147788
3.2070843102474482,1.1548190961837797e-35,0.03703966404159724
3.3503953852599255,5.564421164272616e-35,0.03587739277440686
3.5001104279372437,1.1836075758054164e-31,0.03477629076717713
3.656515604591725,9.595780363127887e-31,0.033733185996183475
3.8199098691015716,7.092926589544314e-32,0.032745123903097806
3.9906055343332345,2.8072292982830746e-32,0.03180934857307764
4.168928869098301,4.0037607695079994e-28,0.030923285879051684
4.277957894736842,0.32068898886546243,0.03042238513781248
4.355220721785807,0.3134863846622314,0.030084528317781415
4.549837171862107,0.30023134622415115,0.0292908213048919
4.753150210483463,0.28348138579863036,0.02854005072970258
4.9655484515224115,0.270834168337762,0.027830231591530086
5.187437874366842,0.2551427054970619,0.027159497248828626
5.4192425999116445,0.2400853057735575,0.02652608548845269
5.661405701226198,0.2227638598578009,0.02592824763639941
5.914390050447093,0.20913467319927734,0.02536253514250031
6.178679203515006,0.19611147836287446,0.0247832063933788
6.454778324446646,0.18129906128591883,0.023054259010545204
6.743215150908602,0.16961120909003147,0.008656565991068467
7.044541002938533,0.15640356493854465,0.0003546533620080725
7.35933183674194,0.1459728287808105,8.10830522882008e-06
7.688189345578575,0.13244475720193366,1.5412666594038097e-07
8.031742109842934,0.12331210668752536,1.3098296544315414e-17
8.390646798536872,0.11466729154340775,1.2916299162527812e-17
8.765589424431088,0.10649477925886773,1.2752475847781115e-17
9.157286655314403,0.09742545977756956,1.2605207557473967e-17
9.566487183837229,0.09024894964841776,1.2473026774347229e-17
9.993973158567668,0.08117091260739863,1.2354597262546254e-17
10.440561678995328,0.07498980909384037,1.2248697670417798e-17
10.907106357340714,0.06720599695128286,1.2154208154480086e-17
11.394498950155127,0.06009145182263383,1.2070099419778149e-17
11.903671062830055,0.05527592861864181,1.1995423689264496e-17
12.435595930273738,0.05076787542448948,1.1929307204324242e-17
12.991290277158823,0.046552592081063486,1.1870943929803846e-17
13.57181626129646,0.04196994151381794,1.1819590195895798e-17
14.178283503851798,0.03658267785532215,1.1774560059889445e-17
14.811851210281038,0.03282949235639661,1.1735221215488731e-17
15.473730386044414,0.029395402265904612,1.1700991317320483e-17
16.165186151329927,0.024922825528820757,1.1671334623753902e-17
16.887540159212293,0.020975674443374406,1.164575889198524e-17
17.642173121869398,0.018965564382600456,1.1623812484967079e-17
18.43052744968445,0.017103045535576705,1.1605081669584284e-17
19.254110008278776,0.014491969226512545,1.1589188099087833e-17
20.114494998744473,0.012725176544967236,1.157578648014728e-17
21.013326966582827,0.011129982448021563,1.1564562426409021e-17
21.952323945099213,0.009481759086542151,1.1555230497095306e-17
22.933280739263335,0.00783964311113337,1.1547532412343198e-17
23.958072356311025,0.00674572236689055,1.1541235428362582e-17
25.02865758964554,0.005479295921131729,1.1536130846891045e-17
26.147082762887884,0.004393296452460538,1.1532032626514925e-17
27.315485641233337,0.003469013998587659,1.1528776059536412e-17
28.5360995175898,0.002782043348375393,1.152621647800253e-17
29.811257481308342,0.002352126077601077,1.1524227956463786e-17
31.14339687766569,0.001763589101139567,1.152270198657391e-17
32.53506396662168,0.0011210940557330536,1.1521546108827692e-17
33.98891878975747,0.0008504120795245906,1.1520682498256504e-17
35.50774025469616,0.000554937653464158,1.1520046512312553e-17
37.09443144672529,0.0003315007497652851,1.1519585219106423e-17
38.75202517777275,0.00015555976211114464,1.1519255931526268e-17
40.48368978334367,4.925834355328883e-05,1.1519024776881163e-17
42.2927351784973,1.5785243493396741e-06,1.1518865332368925e-17
42.80808111628224,1.6308824058752693e-48,1.1518830994806195e-17
44.18261918444064,1.663155240967859e-42,1.1518757354119328e-17
46.15695413783034,6.085061075773263e-38,1.1518685622427963e-17
48.219513795416546,6.347675988395226e-40,1.151863891893705e-17
50.374240547226535,8.209308435837442e-49,1.1518609143894104e-17
52.62525295207446,1.892546313541184e-44,1.1518590574136353e-17
54.97685360980198,1.3996760423515482e-48,1.1518579255856648e-17
57.43353738529537,2.650736091782976e-48,1.1518572521022629e-17
60.0,2.6966217661099184e-45,1.1518568612803787e-17
