beta,effective_liability,unsafe
0.002,0.01,0.6140812935497851
0.002,0.012499011656689067,0.6138462700767037
0.002,0.015622529239404919,0.61355246413441
0.002,0.019526617507028776,0.6131851582166593
0.002,0.024406341983606153,0.6127259416249317
0.002,0.03050551529502331,0.6121517792391594
0.002,0.03812887912658028,0.6114338431852339
0.002,0.04765733046596154,0.6105360459444121
0.002,0.059566952902073624,0.6094131971074257
0.002,0.07445280386764669,0.6080086852397355
0.002,0.0930586463414901,0.6062515601566516
0.002,0.11631411053779896,0.6040528582721114
0.002,0.145381142344937,0.6013009739158773
0.002,0.181712059283214,0.5978558331894133
0.002,0.22712211471418656,0.593541577824228
0.002,0.28388019593044894,0.5881374257348732
0.002,0.35482218780378577,0.5813663695265615
0.002,0.4434926661411436,0.5728814640849601
0.002,0.5543220003754267,0.5622497653196002
0.002,0.6928477144251656,0.5489347656360541
0.002,0.8659911658910523,0.5322799039724928
0.002,1.082403367706202,0.5114992416597334
0.002,1.3528972310199314,0.4856879452383276
0.002,1.6909878260820492,0.4538760910038979
0.002,2.113567654951883,0.4151638602766093
0.002,2.6417506756444546,0.3689861655469772
0.002,3.3019272488946276,0.3155338888348322
0.002,4.12708271734732,0.25626046158275
0.002,5.1584454992244115,0.19421478292664265
0.002,6.447547042520121,0.133852946821526
0.002,8.058796564151008,0.08038920758508489
0.002,10.07269921942093,0.03920020829130794
0.002,12.5898784957865,0.014129869981266339
0.002,15.736103807513443,0.0034669668672091857
0.002,19.668574492097985,0.00054804057477192
0.002,24.583774184718983,5.244616732515526e-05
0.002,30.72728801002145,2.750647259389117e-06
0.002,38.406073101570016,3.0161835944256386e-17
0.002,48.00379553841758,2.5348709383983095e-17
0.002,60.0,2.1651254522292337e-17
0.002882656782455692,0.01,0.6627948373214725
0.002882656782455692,0.012499011656689067,0.6624874760334877
0.002882656782455692,0.015622529239404919,0.6621031771776517
0.002882656782455692,0.019526617507028776,0.6616226430106338
0.002882656782455692,0.024406341983606153,0.6610217141313034
0.002882656782455692,0.03050551529502331,0.660270133278843
0.002882656782455692,0.03812887912658028,0.6593299889470536
0.002882656782455692,0.04765733046596154,0.6581537531475743
0.002882656782455692,0.059566952902073624,0.6566818037204599
0.002882656782455692,0.07445280386764669,0.654839290888107
0.002882656782455692,0.0930586463414901,0.6525321687639482
0.002882656782455692,0.11631411053779896,0.6496421640773365
0.002882656782455692,0.145381142344937,0.6460203966942343
0.002882656782455692,0.181712059283214,0.6414793037651427
0.002882656782455692,0.22712211471418656,0.635782465133223
0.002882656782455692,0.28388019593044894,0.6286319167110113
0.002882656782455692,0.35482218780378577,0.6196526504906236
0.002882656782455692,0.4434926661411436,0.6083744057091404
0.002882656782455692,0.5543220003754267,0.5942119034144729
0.002882656782455692,0.6928477144251656,0.5764470312755939
0.002882656782455692,0.8659911658910523,0.5542213019407364
0.002882656782455692,1.082403367706202,0.5265558455496856
0.002882656782455692,1.3528972310199314,0.4924305405065902
0.002882656782455692,1.6909878260820492,0.4509707884035702
0.002882656782455692,2.113567654951883,0.40179285531682507
0.002882656782455692,2.6417506756444546,0.34549982444050004
0.002882656782455692,3.3019272488946276,0.2841313359498446
0.002882656782455692,4.12708271734732,0.22108049487916906
0.002882656782455692,5.1584454992244115,0.16000398264812293
0.002882656782455692,6.447547042520121,0.1034077748055546
0.002882656782455692,8.058796564151008,0.05399214970384581
0.002882656782455692,10.07269921942093,0.019195381442631998
0.002882656782455692,12.5898784957865,0.004038557331378461
0.002882656782455692,15.736103807513443,0.0004861153398751841
0.002882656782455692,19.668574492097985,3.2358783421450716e-05
0.002882656782455692,24.583774184718983,1.0503554296602598e-06
0.002882656782455692,30.72728801002145,2.7260068079465665e-17
0.002882656782455692,38.406073101570016,2.3061459962244616e-17
0.002882656782455692,48.00379553841758,1.9859707294131824e-17
0.002882656782455692,60.0,1.7423853412985433e-17
0.004154855062718905,0.01,0.7038009457170435
0.004154855062718905,0.012499011656689067,0.7033923883961501
0.004154855062718905,0.015622529239404919,0.7028814130135703
0.004154855062718905,0.019526617507028776,0.702242247777717
0.004154855062718905,0.024406341983606153,0.7014425826923139
0.004154855062718905,0.03050551529502331,0.700441882525436
0.004154855062718905,0.03812887912658028,0.6991892501183667
0.004154855062718905,0.04765733046596154,0.6976207136323506
0.004154855062718905,0.059566952902073624,0.6956557735708925
0.004154855062718905,0.07445280386764669,0.6931929964503248
0.004154855062718905,0.0930586463414901,0.690104379739707
0.004154855062718905,0.11631411053779896,0.6862281366991184
0.004154855062718905,0.145381142344937,0.6813594645995247
0.004154855062718905,0.181712059283214,0.6752387829210208
0.004154855062718905,0.22712211471418656,0.6675369067389556
0.004154855062718905,0.28388019593044894,0.6578367674120394
0.004154855062718905,0.35482218780378577,0.6456118580692175
0.004154855062718905,0.4434926661411436,0.6302030879577348
0.004154855062718905,0.5543220003754267,0.6107991967623817
0.004154855062718905,0.6928477144251656,0.5864330921307449
0.004154855062718905,0.8659911658910523,0.5560199255342549
0.004154855062718905,1.082403367706202,0.5184838410542056
0.004154855062718905,1.3528972310199314,0.47304232434507404
0.004154855062718905,1.6909878260820492,0.41970720111086784
0.004154855062718905,2.113567654951883,0.3599403625588169
0.004154855062718905,2.6417506756444546,0.297087523347652
0.004154855062718905,3.3019272488946276,0.23585074279326854
0.004154855062718905,4.12708271734732,0.18026182773066235
0.004154855062718905,5.1584454992244115,0.13079248643220528
0.004154855062718905,6.447547042520121,0.08292302613416505
0.004154855062718905,8.058796564151008,0.035443066712305626
0.004154855062718905,10.07269921942093,0.007130830711383563
0.004154855062718905,12.5898784957865,0.0006463861082591189
0.004154855062718905,15.736103807513443,2.846101429521444e-05
0.004154855062718905,19.668574492097985,5.567673948144745e-07
0.004154855062718905,24.583774184718983,2.4788962970872273e-17
0.004154855062718905,30.72728801002145,2.1113743495267745e-17
0.004154855062718905,38.406073101570016,1.833896347612109e-17
0.004154855062718905,48.00379553841758,1.6252340500186295e-17
0.004154855062718905,60.0,1.4701372972359852e-17
0.005988510563333512,0.01,0.744538864989107
0.005988510563333512,0.012499011656689067,0.7439955505029984
0.005988510563333512,0.015622529239404919,0.7433156495223071
0.005988510563333512,0.019526617507028776,0.742464577225886
0.005988510563333512,0.024406341983606153,0.741398856493548
0.005988510563333512,0.03050551529502331,0.740063759756571
0.005988510563333512,0.03812887912658028,0.7383902893623524
0.005988510563333512,0.04765733046596154,0.7362912948029641
0.005988510563333512,0.059566952902073624,0.7336564586279349
0.005988510563333512,0.07445280386764669,0.7303457950875645
0.005988510563333512,0.0930586463414901,0.7261811933635882
0.005988510563333512,0.11631411053779896,0.7209354030322032
0.005988510563333512,0.145381142344937,0.7143177217799777
0.005988510563333512,0.181712059283214,0.7059555638750497
0.005988510563333512,0.22712211471418656,0.6953712176278783
0.005988510563333512,0.28388019593044894,0.6819538074696738
0.005988510563333512,0.35482218780378577,0.6649285673289361
0.005988510563333512,0.4434926661411436,0.643330649285645
0.005988510563333512,0.5543220003754267,0.616001812493349
0.005988510563333512,0.6928477144251656,0.5816496682278608
0.005988510563333512,0.8659911658910523,0.5390425965235539
0.005988510563333512,1.082403367706202,0.48744425890892895
0.005988510563333512,1.3528972310199314,0.4273549433787627
0.005988510563333512,1.6909878260820492,0.3613844871924831
0.005988510563333512,2.113567654951883,0.29456856985201485
0.005988510563333512,2.6417506756444546,0.2331455266886685
0.005988510563333512,3.3019272488946276,0.18179751175971468
0.005988510563333512,4.12708271734732,0.14121749757127722
0.005988510563333512,5.1584454992244115,0.10729312932532623
0.005988510563333512,6.447547042520121,0.06904886497187793
0.005988510563333512,8.058796564151008,0.020669565944597335
0.005988510563333512,10.07269921942093,0.001590489848520747
0.005988510563333512,12.5898784957865,4.412424563848971e-05
0.005988510563333512,15.736103807513443,4.7508954584226917e-07
0.005988510563333512,19.668574492097985,2.2691057738039255e-17
0.005988510563333512,24.583774184718983,1.9460463291591303e-17
0.005988510563333512,30.72728801002145,1.705355309204376e-17
0.005988510563333512,38.406073101570016,1.527073698460387e-17
0.005988510563333512,48.00379553841758,1.396997072897472e-17
0.005988510563333512,60.0,1.304486810179737e-17
0.008631410296100461,0.01,0.791286511096842
0.008631410296100461,0.012499011656689067,0.7905897038306497
0.008631410296100461,0.015622529239404919,0.7897167687676528
0.008631410296100461,0.019526617507028776,0.7886225773497958
0.008631410296100461,0.024406341983606153,0.7872501045013532
0.008631410296100461,0.03050551529502331,0.7855271153099362
0.008631410296100461,0.03812887912658028,0.7833618401505711
0.008631410296100461,0.04765733046596154,0.7806372905676522
0.008631410296100461,0.059566952902073624,0.7772037371426089
0.008631410296100461,0.07445280386764669,0.7728686923779844
0.008631410296100461,0.0930586463414901,0.7673835090024815
0.008631410296100461,0.11631411053779896,0.760425425810061
0.008631410296100461,0.145381142344937,0.7515736273036471
0.008631410296100461,0.181712059283214,0.7402778186628508
0.008631410296100461,0.22712211471418656,0.725818460644372
0.008631410296100461,0.28388019593044894,0.7072603904561984
0.008631410296100461,0.35482218780378577,0.6834088120893375
0.008631410296100461,0.4434926661411436,0.6527939778352232
0.008631410296100461,0.5543220003754267,0.6137466877812233
0.008631410296100461,0.6928477144251656,0.5646858951764454
0.008631410296100461,0.8659911658910523,0.5047932771024974
0.008631410296100461,1.082403367706202,0.4351618197087856
0.008631410296100461,1.3528972310199314,0.36000466752890264
0.008631410296100461,1.6909878260820492,0.2866129468534172
0.008631410296100461,2.113567654951883,0.2227568920538087
0.008631410296100461,2.6417506756444546,0.17276072068386447
0.008631410296100461,3.3019272488946276,0.1359456999337064
0.008631410296100461,4.12708271734732,0.108666707723045
0.008631410296100461,5.1584454992244115,0.08643882488393019
0.008631410296100461,6.447547042520121,0.057642497312244655
0.008631410296100461,8.058796564151008,0.009077222374529998
0.008631410296100461,10.07269921942093,0.00016727175891981263
0.008631410296100461,12.5898784957865,9.043045128532877e-07
0.008631410296100461,15.736103807513443,2.0918515717215124e-17
0.008631410296100461,19.668574492097985,1.8063274186260104e-17
0.008631410296100461,24.583774184718983,1.5972930194924747e-17
0.008631410296100461,30.72728801002145,1.4454581860759308e-17
0.008631410296100461,38.406073101570016,1.3372601193303309e-17
0.008631410296100461,48.00379553841758,1.2625543194045064e-17
0.008631410296100461,60.0,1.2133009299375299e-17
0.012440696716105941,0.01,0.8456847460415705
0.012440696716105941,0.012499011656689067,0.84486436737521
0.012440696716105941,0.015622529239404919,0.8438345234672733
0.012440696716105941,0.019526617507028776,0.8425403646679982
0.012440696716105941,0.024406341983606153,0.8409119263871172
0.012440696716105941,0.03050551529502331,0.8388595616385524
0.012440696716105941,0.03812887912658028,0.8362677913600065
0.012440696716105941,0.04765733046596154,0.83298693577715
0.012440696716105941,0.059566952902073624,0.8288216062915523
0.012440696716105941,0.07445280386764669,0.8235147303711914
0.012440696716105941,0.0930586463414901,0.8167252196823219
0.012440696716105941,0.11631411053779896,0.807996677419818
0.012440696716105941,0.145381142344937,0.7967138131764371
0.012440696716105941,0.181712059283214,0.7820430411969483
0.012440696716105941,0.22712211471418656,0.762855734531163
0.012440696716105941,0.28388019593044894,0.7376411618527461
0.012440696716105941,0.35482218780378577,0.7044414478479473
0.012440696716105941,0.4434926661411436,0.6609025092859097
0.012440696716105941,0.5543220003754267,0.6046541072237949
0.012440696716105941,0.6928477144251656,0.5343686850174274
0.012440696716105941,0.8659911658910523,0.45170920685886473
0.012440696716105941,1.082403367706202,0.3633034632676914
0.012440696716105941,1.3528972310199314,0.2800411278010891
0.012440696716105941,1.6909878260820492,0.2118366378599525
0.012440696716105941,2.113567654951883,0.16193392403010107
0.012440696716105941,2.6417506756444546,0.12702415949357831
0.012440696716105941,3.3019272488946276,0.10190719705752771
0.012440696716105941,4.12708271734732,0.08283150935681384
0.012440696716105941,5.1584454992244115,0.067554897692255
0.012440696716105941,6.447547042520121,0.04736064458611522
0.012440696716105941,8.058796564151008,0.0024361686420240384
0.012440696716105941,10.07269921942093,6.2531019547234445e-06
0.012440696716105941,12.5898784957865,2.048572797270289e-17
0.012440696716105941,15.736103807513443,1.780536849080674e-17
0.012440696716105941,19.668574492097985,1.5887790594005283e-17
0.012440696716105941,24.583774184718983,1.4529665894901955e-17
0.012440696716105941,30.72728801002145,1.3590374135800595e-17
0.012440696716105941,38.406073101570016,1.2965310414721324e-17
0.012440696716105941,48.00379553841758,1.2571903389154901e-17
0.012440696716105941,60.0,1.2342815160452899e-17
0.017931129383578524,0.01,0.9036112767231297
0.017931129383578524,0.012499011656689067,0.9027915213376163
0.017931129383578524,0.015622529239404919,0.9017587223544123
0.017931129383578524,0.019526617507028776,0.9004549731201689
0.017931129383578524,0.024406341983606153,0.898805212442206
0.017931129383578524,0.03050551529502331,0.8967113744484418
0.017931129383578524,0.03812887912658028,0.8940441497886692
0.017931129383578524,0.04765733046596154,0.8906312011849036
0.017931129383578524,0.059566952902073624,0.886240046124474
0.017931129383578524,0.07445280386764669,0.8805528343392763
0.017931129383578524,0.0930586463414901,0.8731287375069294
0.017931129383578524,0.11631411053779896,0.8633474684113146
0.017931129383578524,0.145381142344937,0.8503246366149076
0.017931129383578524,0.181712059283214,0.8327874076977339
0.017931129383578524,0.22712211471418656,0.8089022031724714
0.017931129383578524,0.28388019593044894,0.7760709468391106
0.017931129383578524,0.35482218780378577,0.7308016391156807
0.017931129383578524,0.4434926661411436,0.6689983494362423
0.017931129383578524,0.5543220003754267,0.5874487407856976
0.017931129383578524,0.6928477144251656,0.4873912141413925
0.017931129383578524,0.8659911658910523,0.3788508454365102
0.017931129383578524,1.082403367706202,0.27940809794103083
0.017931129383578524,1.3528972310199314,0.20326995501472875
0.017931129383578524,1.6909878260820492,0.15195804811336025
0.017931129383578524,2.113567654951883,0.11816288584901921
0.017931129383578524,2.6417506756444546,0.09447148189886959
0.017931129383578524,3.3019272488946276,0.07669843704739833
0.017931129383578524,4.12708271734732,0.0629089100390093
0.017931129383578524,5.1584454992244115,0.052052558671202113
0.017931129383578524,6.447547042520121,0.038497368697864576
0.017931129383578524,8.058796564151008,0.0003210807493606941
0.017931129383578524,10.07269921942093,5.430687784633362e-08
0.017931129383578524,12.5898784957865,1.6775125429936695e-17
0.017931129383578524,15.736103807513443,1.5100663894845418e-17
0.017931129383578524,19.668574492097985,1.3952918308443292e-17
0.017931129383578524,24.583774184718983,1.3188712101097452e-17
0.017931129383578524,30.72728801002145,1.2702997037844794e-17
0.017931129383578524,38.406073101570016,1.2414246169502295e-17
0.017931129383578524,48.00379553841758,1.2257934846128503e-17
0.017931129383578524,60.0,1.218374764095368e-17
0.025844645867331602,0.01,0.9540923946478647
0.025844645867331602,0.012499011656689067,0.953475593402812
0.025844645867331602,0.015622529239404919,0.9526939225468765
0.025844645867331602,0.019526617507028776,0.9516999303628523
0.025844645867331602,0.024406341983606153,0.9504305823245569
0.025844645867331602,0.03050551529502331,0.9488010686410568
0.025844645867331602,0.03812887912658028,0.9466955726137903
0.025844645867331602,0.04765733046596154,0.9439532060408184
0.025844645867331602,0.059566952902073624,0.9403460977627882
0.025844645867331602,0.07445280386764669,0.9355444850742328
0.025844645867331602,0.0930586463414901,0.9290598948236537
0.025844645867331602,0.11631411053779896,0.920150935589926
0.025844645867331602,0.145381142344937,0.9076652677120698
0.025844645867331602,0.181712059283214,0.8897754635085064
0.025844645867331602,0.22712211471418656,0.8635542210933433
0.025844645867331602,0.28388019593044894,0.8243751960998972
0.025844645867331602,0.35482218780378577,0.7654094716232848
0.025844645867331602,0.4434926661411436,0.6785021922685324
0.025844645867331602,0.5543220003754267,0.5596336423848884
0.025844645867331602,0.6928477144251656,0.42044929876763343
0.025844645867331602,0.8659911658910523,0.2917252946539665
0.025844645867331602,1.082403367706202,0.19960924096987206
0.025844645867331602,1.3528972310199314,0.14387554670662955
0.025844645867331602,1.6909878260820492,0.11016797609070123
0.025844645867331602,2.113567654951883,0.08744913797109252
0.025844645867331602,2.6417506756444546,0.07072835054345375
0.025844645867331602,3.3019272488946276,0.057959304089423576
0.025844645867331602,4.12708271734732,0.04807658883309098
0.025844645867331602,5.1584454992244115,0.04038473124187558
0.025844645867331602,6.447547042520121,0.031430165602578074
0.025844645867331602,8.058796564151008,1.626114980968005e-05
0.025844645867331602,10.07269921942093,1.5109513597045015e-17
0.025844645867331602,12.5898784957865,1.3713364246008765e-17
0.025844645867331602,15.736103807513443,1.2796525225129618e-17
0.025844645867331602,19.668574492097985,1.2214999959941175e-17
0.025844645867331602,24.583774184718983,1.1866032431532086e-17
0.025844645867331602,30.72728801002145,1.1672636795749957e-17
0.025844645867331602,38.406073101570016,1.157686061749831e-17
0.025844645867331602,48.00379553841758,1.1536404919971856e-17
0.025844645867331602,60.0,1.1522696427379986e-17
0.03725062184981447,0.01,0.9854771450793076
0.03725062184981447,0.012499011656689067,0.9851775530781454
0.03725062184981447,0.015622529239404919,0.9847946394889827
0.03725062184981447,0.019526617507028776,0.9843025106538775
0.03725062184981447,0.024406341983606153,0.983665631982286
0.03725062184981447,0.03050551529502331,0.9828343104008423
0.03725062184981447,0.03812887912658028,0.9817375184408544
0.03725062184981447,0.04765733046596154,0.9802711568854386
0.03725062184981447,0.059566952902073624,0.9782782413575474
0.03725062184981447,0.07445280386764669,0.9755143053563438
0.03725062184981447,0.0930586463414901,0.9715847839310677
0.03725062184981447,0.11631411053779896,0.9658274224289976
0.03725062184981447,0.145381142344937,0.9570834662677395
0.03725062184981447,0.181712059283214,0.9432398312940158
0.03725062184981447,0.22712211471418656,0.9203083346907982
0.03725062184981447,0.28388019593044894,0.8806823179769692
0.03725062184981447,0.35482218780378577,0.8106682596702417
0.03725062184981447,0.4434926661411436,0.6913197775087804
0.03725062184981447,0.5543220003754267,0.517473184593414
0.03725062184981447,0.6928477144251656,0.3341374150840244
0.03725062184981447,0.8659911658910523,0.20600057262910096
0.03725062184981447,1.082403367706202,0.13882860958999638
0.03725062184981447,1.3528972310199314,0.10347619033775567
0.03725062184981447,1.6909878260820492,0.08118664744497861
0.03725062184981447,2.113567654951883,0.06527122972769332
0.03725062184981447,2.6417506756444546,0.053371946075222255
0.03725062184981447,3.3019272488946276,0.044316405785028094
0.03725062184981447,4.12708271734732,0.037370640660021104
0.03725062184981447,5.1584454992244115,0.032034516690776164
0.03725062184981447,6.447547042520121,0.02618688670393816
0.03725062184981447,8.058796564151008,2.1832590090621636e-07
0.03725062184981447,10.07269921942093,1.3222051526154654e-17
0.03725062184981447,12.5898784957865,1.2451019169115851e-17
0.03725062184981447,15.736103807513443,1.1991772027540345e-17
0.03725062184981447,19.668574492097985,1.1735426373856653e-17
0.03725062184981447,24.583774184718983,1.1605130498155569e-17
0.03725062184981447,30.72728801002145,1.1547217380980447e-17
0.03725062184981447,38.406073101570016,1.1525948360646136e-17
0.03725062184981447,48.00379553841758,1.1519937396264516e-17
0.03725062184981447,60.0,1.15187324714518e-17
0.05369037886302997,0.01,0.9974356166157763
0.05369037886302997,0.012499011656689067,0.9973567407041347
0.05369037886302997,0.015622529239404919,0.9972547594563815
0.05369037886302997,0.019526617507028776,0.9971217862904749
0.05369037886302997,0.024406341983606153,0.9969465644276959
0.05369037886302997,0.03050551529502331,0.9967126098400508
0.05369037886302997,0.03812887912658028,0.9963950597839174
0.05369037886302997,0.04765733046596154,0.9959551183432636
0.05369037886302997,0.059566952902073624,0.9953298445232087
0.05369037886302997,0.07445280386764669,0.9944124681396556
0.05369037886302997,0.0930586463414901,0.9930123793402524
0.05369037886302997,0.11631411053779896,0.9907688342264394
0.05369037886302997,0.145381142344937,0.9869522915625946
0.05369037886302997,0.181712059283214,0.9799745129982246
0.05369037886302997,0.22712211471418656,0.9661010228780629
0.05369037886302997,0.28388019593044894,0.935961820475824
0.05369037886302997,0.35482218780378577,0.8660319416048109
0.05369037886302997,0.4434926661411436,0.7102351446447667
0.05369037886302997,0.5543220003754267,0.456405631690979
0.05369037886302997,0.6928477144251656,0.2391626306581148
0.05369037886302997,0.8659911658910523,0.1394427222318725
0.05369037886302997,1.082403367706202,0.09857195441928328
0.05369037886302997,1.3528972310199314,0.07591244360262332
0.05369037886302997,1.6909878260820492,0.060489743592836695
0.05369037886302997,2.113567654951883,0.04928138936125216
0.05369037886302997,2.6417506756444546,0.040929877132647785
0.05369037886302997,3.3019272488946276,0.03463520229412481
0.05369037886302997,4.12708271734732,0.029877822636333297
0.05369037886302997,5.1584454992244115,0.026301724686103818
0.05369037886302997,6.447547042520121,0.022581640451988887
0.05369037886302997,8.058796564151008,1.2836932004602814e-17
0.05369037886302997,10.07269921942093,1.2185492317432006e-17
0.05369037886302997,12.5898784957865,1.1828425826437502e-17
0.05369037886302997,15.736103807513443,1.1646703467467779e-17
0.05369037886302997,19.668574492097985,1.1563698248697061e-17
0.05369037886302997,24.583774184718983,1.1531322865471193e-17
0.05369037886302997,30.72728801002145,1.1521253162361125e-17
0.05369037886302997,38.406073101570016,1.1518951558099096e-17
0.05369037886302997,48.00379553841758,1.151859841849906e-17
0.05369037886302997,60.0,1.1518565562889138e-17
0.07738546739106457,0.01,0.9997996975588422
0.07738546739106457,0.012499011656689067,0.9997906583706409
0.07738546739106457,0.015622529239404919,0.999778785547985
0.07738546739106457,0.019526617507028776,0.999762996123159
0.07738546739106457,0.024406341983606153,0.9997416698896516
0.07738546739106457,0.03050551529502331,0.999712301330596
0.07738546739106457,0.03812887912658028,0.9996708652538774
0.07738546739106457,0.04765733046596154,0.9996106042860964
0.07738546739106457,0.059566952902073624,0.9995195821293846
0.07738546739106457,0.07445280386764669,0.9993754291063184
0.07738546739106457,0.0930586463414901,0.9991332172460673
0.07738546739106457,0.11631411053779896,0.9986950485973499
0.07738546739106457,0.145381142344937,0.9978260092226292
0.07738546739106457,0.181712059283214,0.9958942830553532
0.07738546739106457,0.22712211471418656,0.9909585969987741
0.07738546739106457,0.28388019593044894,0.9761178358202514
0.07738546739106457,0.35482218780378577,0.9238548854077463
0.07738546739106457,0.4434926661411436,0.7391768868388845
0.07738546739106457,0.5543220003754267,0.3732844672106808
0.07738546739106457,0.6928477144251656,0.15652942807094444
0.07738546739106457,0.8659911658910523,0.09645529563934996
0.07738546739106457,1.082403367706202,0.0718650355440251
0.07738546739106457,1.3528972310199314,0.05649502931148718
0.07738546739106457,1.6909878260820492,0.045755093828503506
0.07738546739106457,2.113567654951883,0.03796789399993744
0.07738546739106457,2.6417506756444546,0.03222609772547792
0.07738546739106457,3.3019272488946276,0.027973476087984762
0.07738546739106457,4.12708271734732,0.024844732964755794
0.07738546739106457,5.1584454992244115,0.02258682480010683
0.07738546739106457,6.447547042520121,0.020358831999248386
0.07738546739106457,8.058796564151008,1.2638193044331872e-17
0.07738546739106457,10.07269921942093,1.2348640160902358e-17
0.07738546739106457,12.5898784957865,1.2218039475640092e-17
0.07738546739106457,15.736103807513443,1.2165817631709078e-17
0.07738546739106457,19.668574492097985,1.2148408786276261e-17
0.07738546739106457,24.583774184718983,1.2143955680957266e-17
0.07738546739106457,30.72728801002145,1.2143159991738201e-17
0.07738546739106457,38.406073101570016,1.2143070218604971e-17
0.07738546739106457,48.00379553841758,1.2143064512362969e-17
0.07738546739106457,60.0,1.2143064334155172e-17
0.11153787121917802,0.01,0.9999950674872091
0.11153787121917802,0.012499011656689067,0.9999947421510318
0.11153787121917802,0.015622529239404919,0.9999943051907
0.11153787121917802,0.019526617507028776,0.999993707648755
0.11153787121917802,0.024406341983606153,0.9999928719086972
0.11153787121917802,0.03050551529502331,0.9999916696348656
0.11153787121917802,0.03812887912658028,0.9999898780550134
0.11153787121917802,0.04765733046596154,0.9999870879761446
0.11153787121917802,0.059566952902073624,0.9999824963659479
0.11153787121917802,0.07445280386764669,0.9999743993382185
0.11153787121917802,0.0930586463414901,0.9999588296737422
0.11153787121917802,0.11631411053779896,0.9999254611212461
0.11153787121917802,0.145381142344937,0.9998435338394351
0.11153787121917802,0.181712059283214,0.9996050428421329
0.11153787121917802,0.22712211471418656,0.9987461924343614
0.11153787121917802,0.28388019593044894,0.994724560079012
0.11153787121917802,0.35482218780378577,0.9692724476568323
0.11153787121917802,0.4434926661411436,0.7825123264002579
0.11153787121917802,0.5543220003754267,0.272302145378708
0.11153787121917802,0.6928477144251656,0.10136220156273706
0.11153787121917802,0.8659911658910523,0.06944915269496636
0.11153787121917802,1.082403367706202,0.05341168737370836
0.11153787121917802,1.3528972310199314,0.0428435486080477
0.11153787121917802,1.6909878260820492,0.03545585191199576
0.11153787121917802,2.113567654951883,0.030160608836118253
0.11153787121917802,2.6417506756444546,0.02633753794901236
0.11153787121917802,3.3019272488946276,0.023599214862543495
0.11153787121917802,4.12708271734732,0.021685692720626357
0.11153787121917802,5.1584454992244115,0.02040821701498907
0.11153787121917802,6.447547042520121,0.01922757718325138
0.11153787121917802,8.058796564151008,1.1636773686747122e-17
0.11153787121917802,10.07269921942093,1.1555387363324679e-17
0.11153787121917802,12.5898784957865,1.1527915622118375e-17
0.11153787121917802,15.736103807513443,1.152033239978538e-17
0.11153787121917802,19.668574492097985,1.1518788676185376e-17
0.11153787121917802,24.583774184718983,1.1518581035012825e-17
0.11153787121917802,30.72728801002145,1.1518564569370565e-17
0.11153787121917802,38.406073101570016,1.1518563892875136e-17
0.11153787121917802,48.00379553841758,1.1518563880567626e-17
0.11153787121917802,60.0,1.1518563880486153e-17
0.1607627004853166,0.01,1.0
0.1607627004853166,0.012499011656689067,1.0
0.1607627004853166,0.015622529239404919,1.0
0.1607627004853166,0.019526617507028776,1.0
0.1607627004853166,0.024406341983606153,1.0
0.1607627004853166,0.03050551529502331,1.0
0.1607627004853166,0.03812887912658028,1.0
0.1607627004853166,0.04765733046596154,1.0
0.1607627004853166,0.059566952902073624,1.0
0.1607627004853166,0.07445280386764669,1.0
0.1607627004853166,0.0930586463414901,0.9999995016892348
0.1607627004853166,0.11631411053779896,0.9999988251008619
0.1607627004853166,0.145381142344937,0.9999965684777845
0.1607627004853166,0.181712059283214,0.9999869050754734
0.1607627004853166,0.22712211471418656,0.9999302327191739
0.1607627004853166,0.28388019593044894,0.9994368141898476
0.1607627004853166,0.35482218780378577,0.9924398016990704
0.1607627004853166,0.4434926661411436,0.8414989126850327
0.1607627004853166,0.5543220003754267,0.17188638685664065
0.1607627004853166,0.6928477144251656,0.06987075023597258
0.1607627004853166,0.8659911658910523,0.051445765782664916
0.1607627004853166,1.082403367706202,0.040608805132707766
0.1607627004853166,1.3528972310199314,0.033412567023918045
0.1607627004853166,1.6909878260820492,0.028444047675754095
0.1607627004853166,2.113567654951883,0.02497224806995171
0.1607627004853166,2.6417506756444546,0.022568091067459106
0.1607627004853166,3.3019272488946276,0.020954243020455163
0.1607627004853166,4.12708271734732,0.01993189728392518
0.1607627004853166,5.1584454992244115,0.01934120587021996
0.1607627004853166,6.447547042520121,0.01883763644523784
0.1607627004853166,8.058796564151008,1.153631315746234e-17
0.1607627004853166,10.07269921942093,1.152219263086712e-17
0.1607627004853166,12.5898784957865,1.1519096395153035e-17
0.1607627004853166,15.736103807513443,1.1518613305051932e-17
0.1607627004853166,19.668574492097985,1.1518566424888781e-17
0.1607627004853166,24.583774184718983,1.1518563942937511e-17
0.1607627004853166,30.72728801002145,1.1518563881092975e-17
0.1607627004853166,38.406073101570016,1.1518563880487852e-17
0.1607627004853166,48.00379553841758,1.1518563880486002e-17
0.1607627004853166,60.0,1.1518563880485999e-17
0.23171184445994555,0.01,1.0
0.23171184445994555,0.012499011656689067,1.0
0.23171184445994555,0.015622529239404919,1.0
0.23171184445994555,0.019526617507028776,1.0
0.23171184445994555,0.024406341983606153,1.0
0.23171184445994555,0.03050551529502331,1.0
0.23171184445994555,0.03812887912658028,1.0
0.23171184445994555,0.04765733046596154,1.0
0.23171184445994555,0.059566952902073624,1.0
0.23171184445994555,0.07445280386764669,1.0
0.23171184445994555,0.0930586463414901,1.0
0.23171184445994555,0.11631411053779896,1.0
0.23171184445994555,0.145381142344937,1.0
0.23171184445994555,0.181712059283214,1.0
0.23171184445994555,0.22712211471418656,0.9999989388186599
0.23171184445994555,0.28388019593044894,0.9999783014200231
0.23171184445994555,0.35482218780378577,0.9990608581905037
0.23171184445994555,0.4434926661411436,0.9075654230021547
0.23171184445994555,0.5543220003754267,0.097659226232167
0.23171184445994555,0.6928477144251656,0.05104839909180365
0.23171184445994555,0.8659911658910523,0.039155519689438395
0.23171184445994555,1.082403367706202,0.03185893492304547
0.23171184445994555,1.3528972310199314,0.02707283203417627
0.23171184445994555,1.6909878260820492,0.023867926493116517
0.23171184445994555,2.113567654951883,0.021741575988183548
0.23171184445994555,2.6417506756444546,0.020384075984254
0.23171184445994555,3.3019272488946276,0.019578037610144934
0.23171184445994555,4.12708271734732,0.019151065991406563
0.23171184445994555,5.1584454992244115,0.0189591948615753
0.23171184445994555,6.447547042520121,0.018803661067550013
0.23171184445994555,8.058796564151008,1.1519814107767845e-17
0.23171184445994555,10.07269921942093,1.151869989935736e-17
0.23171184445994555,12.5898784957865,1.1518572654855613e-17
0.23171184445994555,15.736103807513443,1.1518564167319327e-17
0.23171184445994555,19.668574492097985,1.1518563884476374e-17
0.23171184445994555,24.583774184718983,1.1518563880505073e-17
0.23171184445994555,30.72728801002145,1.1518563880486025e-17
0.23171184445994555,38.406073101570016,1.1518563880485999e-17
0.23171184445994555,48.00379553841758,1.1518563880485999e-17
0.23171184445994555,60.0,1.1518563880485999e-17
0.33397286000389015,0.01,1.0
0.33397286000389015,0.012499011656689067,1.0
0.33397286000389015,0.015622529239404919,1.0
0.33397286000389015,0.019526617507028776,1.0
0.33397286000389015,0.024406341983606153,1.0
0.33397286000389015,0.03050551529502331,1.0
0.33397286000389015,0.03812887912658028,1.0
0.33397286000389015,0.04765733046596154,1.0
0.33397286000389015,0.059566952902073624,1.0
0.33397286000389015,0.07445280386764669,1.0
0.33397286000389015,0.0930586463414901,1.0
0.33397286000389015,0.11631411053779896,1.0
0.33397286000389015,0.145381142344937,1.0
0.33397286000389015,0.181712059283214,1.0
0.33397286000389015,0.22712211471418656,1.0
0.33397286000389015,0.28388019593044894,1.0
0.33397286000389015,0.35482218780378577,0.9999549792021261
0.33397286000389015,0.4434926661411436,0.9615520025557032
0.33397286000389015,0.5543220003754267,0.058136543586572095
0.33397286000389015,0.6928477144251656,0.038718013655135275
0.33397286000389015,0.8659911658910523,0.03084063063551711
0.33397286000389015,1.082403367706202,0.026042359190909716
0.33397286000389015,1.3528972310199314,0.023006448274879715
0.33397286000389015,1.6909878260820492,0.02109917945255919
0.33397286000389015,2.113567654951883,0.0199553492277584
0.33397286000389015,2.6417506756444546,0.019328072972583318
0.33397286000389015,3.3019272488946276,0.01902890836484409
0.33397286000389015,4.12708271734732,0.018911833030501184
0.33397286000389015,5.1584454992244115,0.018876630689264352
0.33397286000389015,6.447547042520121,0.0188438583705935
0.33397286000389015,8.058796564151008,1.1518592877602747e-17
0.33397286000389015,10.07269921942093,1.151856510727414e-17
0.33397286000389015,12.5898784957865,1.1518563904236343e-17
0.33397286000389015,15.736103807513443,1.1518563880657674e-17
0.33397286000389015,19.668574492097985,1.1518563880486362e-17
0.33397286000389015,24.583774184718983,1.1518563880485999e-17
0.33397286000389015,30.72728801002145,1.1518563880485999e-17
0.33397286000389015,38.406073101570016,1.1518563880485999e-17
0.33397286000389015,48.00379553841758,1.1518563880485999e-17
0.33397286000389015,60.0,1.1518563880485999e-17
0.4813645650231701,0.01,1.0
0.4813645650231701,0.012499011656689067,1.0
0.4813645650231701,0.015622529239404919,1.0
0.4813645650231701,0.019526617507028776,1.0
0.4813645650231701,0.024406341983606153,1.0
0.4813645650231701,0.03050551529502331,1.0
0.4813645650231701,0.03812887912658028,1.0
0.4813645650231701,0.04765733046596154,1.0
0.4813645650231701,0.059566952902073624,1.0
0.4813645650231701,0.07445280386764669,1.0
0.4813645650231701,0.0930586463414901,1.0
0.4813645650231701,0.11631411053779896,1.0
0.4813645650231701,0.145381142344937,1.0
0.4813645650231701,0.181712059283214,1.0
0.4813645650231701,0.22712211471418656,1.0
0.4813645650231701,0.28388019593044894,1.0
0.4813645650231701,0.35482218780378577,0.9999994436657595
0.4813645650231701,0.4434926661411436,0.9900428838997347
0.4813645650231701,0.5543220003754267,0.04040081694360904
0.4813645650231701,0.6928477144251656,0.03048793683746314
0.4813645650231701,0.8659911658910523,0.025367474356444777
0.4813645650231701,1.082403367706202,0.022371852687946305
0.4813645650231701,1.3528972310199314,0.02061747869742689
0.4813645650231701,1.6909878260820492,0.019643897443248463
0.4813645650231701,2.113567654951883,0.01915919408330164
0.4813645650231701,2.6417506756444546,0.018955323979565855
0.4813645650231701,3.3019272488946276,0.01888753187841945
0.4813645650231701,4.12708271734732,0.018870963432790624
0.4813645650231701,5.1584454992244115,0.018868220386791996
0.4813645650231701,6.447547042520121,0.018863681875028064
0.4813645650231701,8.058796564151008,1.1518564012231287e-17
0.4813645650231701,10.07269921942093,1.1518563881879514e-17
0.4813645650231701,12.5898784957865,1.1518563880490733e-17
0.4813645650231701,15.736103807513443,1.1518563880486003e-17
0.4813645650231701,19.668574492097985,1.1518563880485999e-17
0.4813645650231701,24.583774184718983,1.1518563880485999e-17
0.4813645650231701,30.72728801002145,1.1518563880485999e-17
0.4813645650231701,38.406073101570016,1.1518563880485999e-17
0.4813645650231701,48.00379553841758,1.1518563880485999e-17
0.4813645650231701,60.0,1.1518563880485999e-17
0.6938044140989377,0.01,1.0
0.6938044140989377,0.012499011656689067,1.0
0.6938044140989377,0.015622529239404919,1.0
0.6938044140989377,0.019526617507028776,1.0
0.6938044140989377,0.024406341983606153,1.0
0.6938044140989377,0.03050551529502331,1.0
0.6938044140989377,0.03812887912658028,1.0
0.6938044140989377,0.04765733046596154,1.0
0.6938044140989377,0.059566952902073624,1.0
0.6938044140989377,0.07445280386764669,1.0
0.6938044140989377,0.0930586463414901,1.0
0.6938044140989377,0.11631411053779896,1.0
0.6938044140989377,0.145381142344937,1.0
0.6938044140989377,0.181712059283214,1.0
0.6938044140989377,0.22712211471418656,1.0
0.6938044140989377,0.28388019593044894,1.0
0.6938044140989377,0.35482218780378577,1.0
0.6938044140989377,0.4434926661411436,0.9986501001315494
0.6938044140989377,0.5543220003754267,0.031193092146917876
0.6938044140989377,0.6928477144251656,0.025117818377554217
0.6938044140989377,0.8659911658910523,0.021961730846955192
0.6938044140989377,1.082403367706202,0.020276177736776358
0.6938044140989377,1.3528972310199314,0.01942653161885335
0.6938044140989377,1.6909878260820492,0.019050062399662768
0.6938044140989377,2.113567654951883,0.018913612402279997
0.6938044140989377,2.6417506756444546,0.018876094942617386
0.6938044140989377,3.3019272488946276,0.018868876910708966
0.6938044140989377,4.12708271734732,0.01886798943740291
0.6938044140989377,5.1584454992244115,0.01886792678936767
0.6938044140989377,6.447547042520121,0.01886759691939067
0.6938044140989377,8.058796564151008,1.1518563880541867e-17
0.6938044140989377,10.07269921942093,1.1518563880486077e-17
0.6938044140989377,12.5898784957865,1.1518563880485999e-17
0.6938044140989377,15.736103807513443,1.1518563880485999e-17
0.6938044140989377,19.668574492097985,1.1518563880485999e-17
0.6938044140989377,24.583774184718983,1.1518563880485999e-17
0.6938044140989377,30.72728801002145,1.1518563880485999e-17
0.6938044140989377,38.406073101570016,1.1518563880485999e-17
0.6938044140989377,48.00379553841758,1.1518563880485999e-17
0.6938044140989377,60.0,1.1518563880485999e-17
1.0,0.01,1.0
1.0,0.012499011656689067,1.0
1.0,0.015622529239404919,1.0
1.0,0.019526617507028776,1.0
1.0,0.024406341983606153,1.0
1.0,0.03050551529502331,1.0
1.0,0.03812887912658028,1.0
1.0,0.04765733046596154,1.0
1.0,0.059566952902073624,1.0
1.0,0.07445280386764669,1.0
1.0,0.0930586463414901,1.0
1.0,0.11631411053779896,1.0
1.0,0.145381142344937,1.0
1.0,0.181712059283214,1.0
1.0,0.22712211471418656,1.0
1.0,0.28388019593044894,1.0
1.0,0.35482218780378577,1.0
1.0,0.4434926661411436,0.9999257765467718
1.0,0.5543220003754267,0.025512794752785277
1.0,0.6928477144251656,0.021806007198277022
1.0,0.8659911658910523,0.020062689935611507
1.0,1.082403367706202,0.0192831906792931
1.0,1.3528972310199314,0.018982755512233107
1.0,1.6909878260820492,0.018891312679287838
1.0,2.113567654951883,0.01887114180205852
1.0,2.6417506756444546,0.01886819444079524
1.0,3.3019272488946276,0.018867936720454906
1.0,4.12708271734732,0.018867924782277837
1.0,5.1584454992244115,0.018867924530312608
1.0,6.447547042520121,0.018867916403530513
1.0,8.058796564151008,1.1518563880486002e-17
1.0,10.07269921942093,1.1518563880485999e-17
1.0,12.5898784957865,1.1518563880485999e-17
1.0,15.736103807513443,1.1518563880485999e-17
1.0,19.668574492097985,1.1518563880485999e-17
1.0,24.583774184718983,1.1518563880485999e-17
1.0,30.72728801002145,1.1518563880485999e-17
1.0,38.406073101570016,1.1518563880485999e-17
1.0,48.00379553841758,1.1518563880485999e-17
1.0,60.0,1.1518563880485999e-17
